{
    "epochs": [
        1,
        2,
        3,
        4,
        5,
        6,
        7,
        8,
        9,
        10,
        11,
        12,
        13,
        14,
        15,
        16,
        17,
        18,
        19,
        20
    ],
    "train_loss": [
        4349.359793526785,
        4212.7956310453865,
        3581.333228701637,
        1904.5728236607142,
        651.9385928199405,
        295.0146193731399,
        207.39999498639787,
        207.50193677629744,
        158.69543534233458,
        208.30379922049386,
        156.97608784266882,
        142.9122041974749,
        109.79880396525066,
        91.04398550306048,
        112.73909718649728,
        96.2035291762579,
        130.64850303104944,
        82.4054658526466,
        84.30490053267707,
        67.8460671561105
    ],
    "val_loss": [
        19043.543782552082,
        16776.275065104168,
        3945.5445149739585,
        1217.757100423177,
        3208.1590169270835,
        625.2979838053385,
        303.7068583170573,
        1263.9883728027344,
        1221.8119150797527,
        554.5717620849609,
        748.354237874349,
        692.2422231038412,
        409.8250096638997,
        119.59292030334473,
        123.54671859741211,
        71.60508600870769,
        155.89647801717123,
        84.37158012390137,
        107.7266108194987,
        122.79449208577473
    ],
    "val_accuracy": [
        0.10714285714285714,
        0.15476190476190477,
        0.10714285714285714,
        0.13095238095238096,
        0.11904761904761904,
        0.20238095238095238,
        0.19047619047619047,
        0.25,
        0.32142857142857145,
        0.3333333333333333,
        0.2857142857142857,
        0.2619047619047619,
        0.35714285714285715,
        0.47619047619047616,
        0.5238095238095238,
        0.44047619047619047,
        0.6071428571428571,
        0.6904761904761905,
        0.6428571428571429,
        0.5952380952380952
    ],
    "weight_mae": [
        91.08138275146484,
        85.567626953125,
        49.599422454833984,
        28.89089012145996,
        44.18117904663086,
        16.363901138305664,
        13.842588424682617,
        21.5086612701416,
        20.80875587463379,
        13.351133346557617,
        22.11971092224121,
        16.618711471557617,
        15.384868621826172,
        7.548894882202148,
        8.295477867126465,
        6.431039810180664,
        8.957181930541992,
        7.539095401763916,
        7.517831802368164,
        7.473741054534912
    ],
    "learning_rates": [
        5.265837987371958e-05,
        0.00014174543802841002,
        0.00026301584957200467,
        0.0003834654881075616,
        0.0004703136032105272,
        0.0004999857271984317,
        0.00049312365446468,
        0.0004740703966442749,
        0.00044378136364380785,
        0.00040377537405390936,
        0.0003560584952430813,
        0.0003030234507632328,
        0.0002473296391996426,
        0.0001917697808212138,
        0.0001391298789248049,
        9.204951799658992e-05,
        5.288950392397616e-05,
        2.3613483330542858e-05,
        5.68947813486046e-06,
        1.6272801568301627e-08
    ]
}