{
    "epochs": [
        1,
        2,
        3,
        4,
        5,
        6,
        7,
        8,
        9,
        10,
        11,
        12,
        13,
        14,
        15,
        16,
        17,
        18,
        19,
        20
    ],
    "train_loss": [
        4168.521251860119,
        4036.85888671875,
        3341.892560686384,
        1789.1897728329614,
        908.140607561384,
        516.3720198131743,
        194.7621901375907,
        215.2988746279762,
        207.93758682977585,
        185.9931737808954,
        129.4981298900786,
        171.69759686787924,
        80.3551859174456,
        136.4143571399507,
        51.9562481925601,
        137.3079476129441,
        107.60701887948173,
        70.25360007513137,
        68.37694302059356,
        55.96406814030239
    ],
    "val_loss": [
        16419.8828125,
        13847.17919921875,
        4322.153971354167,
        7153.110595703125,
        1802.2974751790364,
        859.526112874349,
        914.1050211588541,
        472.1946080525716,
        477.0104217529297,
        1287.1515401204426,
        597.6763458251953,
        183.44028536478677,
        329.62392807006836,
        312.59400177001953,
        119.33598454793294,
        275.5878454844157,
        147.68807093302408,
        110.1878776550293,
        85.8313471476237,
        102.03227297465007
    ],
    "val_accuracy": [
        0.15476190476190477,
        0.2619047619047619,
        0.32142857142857145,
        0.16666666666666666,
        0.2261904761904762,
        0.3333333333333333,
        0.25,
        0.2857142857142857,
        0.25,
        0.2857142857142857,
        0.2619047619047619,
        0.2857142857142857,
        0.42857142857142855,
        0.4642857142857143,
        0.7142857142857143,
        0.4880952380952381,
        0.4880952380952381,
        0.6666666666666666,
        0.6428571428571429,
        0.7380952380952381
    ],
    "weight_mae": [
        102.39250946044922,
        93.75374603271484,
        52.20643997192383,
        68.90108489990234,
        33.341407775878906,
        23.00823402404785,
        26.49979019165039,
        17.651090621948242,
        17.28335952758789,
        30.38020896911621,
        16.631576538085938,
        10.529319763183594,
        15.366424560546875,
        15.813130378723145,
        7.046525001525879,
        13.3761568069458,
        10.106531143188477,
        8.698966026306152,
        7.073166847229004,
        7.689772129058838
    ],
    "learning_rates": [
        5.265837987371958e-05,
        0.00014174543802841002,
        0.00026301584957200467,
        0.0003834654881075616,
        0.0004703136032105272,
        0.0004999857271984317,
        0.00049312365446468,
        0.0004740703966442749,
        0.00044378136364380785,
        0.00040377537405390936,
        0.0003560584952430813,
        0.0003030234507632328,
        0.0002473296391996426,
        0.0001917697808212138,
        0.0001391298789248049,
        9.204951799658992e-05,
        5.288950392397616e-05,
        2.3613483330542858e-05,
        5.68947813486046e-06,
        1.6272801568301627e-08
    ]
}