{
    "epochs": [
        1,
        2,
        3,
        4,
        5,
        6,
        7,
        8,
        9,
        10,
        11,
        12,
        13,
        14,
        15,
        16,
        17,
        18,
        19,
        20,
        21,
        22,
        23,
        24,
        25,
        26,
        27,
        28,
        29,
        30
    ],
    "train_loss": [
        4375.235363188244,
        4297.208263578869,
        3977.07852608817,
        3078.9426850818454,
        1672.8951386951264,
        708.0668022519067,
        507.58954547700426,
        296.70019258771623,
        288.2663935706729,
        192.03805814470564,
        164.48651559012276,
        154.95681281316848,
        237.15183312552315,
        219.25940736134848,
        253.56177230108352,
        156.87371353876023,
        108.07520716530937,
        107.7036827632359,
        68.90405695778983,
        55.90023013523647,
        43.142967542012535,
        18.987308956327894,
        32.95151054291498,
        49.821652616773335,
        20.887840339115687,
        17.39732687813895,
        14.575430268333072,
        18.751797221955798,
        15.700164340791249,
        16.355651424044655
    ],
    "val_loss": [
        14696.125081380209,
        13899.619954427084,
        8806.081420898438,
        3367.8685302734375,
        6991.5876871744795,
        1471.0614522298176,
        2228.442138671875,
        4260.6708577473955,
        698.3564249674479,
        348.8047281901042,
        161.49899673461914,
        1756.8570861816406,
        152.94291178385416,
        981.6442413330078,
        327.42469278971356,
        793.8660354614258,
        320.5400021870931,
        673.8963419596354,
        221.62006505330405,
        81.80296643575032,
        55.496250788370766,
        61.83742173512777,
        114.45093472798665,
        72.64529418945312,
        38.37274742126465,
        66.2672832806905,
        31.894554297129314,
        35.50145943959554,
        39.76625474294027,
        49.92082532246908
    ],
    "val_accuracy": [
        0.10714285714285714,
        0.19047619047619047,
        0.19047619047619047,
        0.21428571428571427,
        0.23809523809523808,
        0.10714285714285714,
        0.16666666666666666,
        0.11904761904761904,
        0.21428571428571427,
        0.34523809523809523,
        0.39285714285714285,
        0.30952380952380953,
        0.27380952380952384,
        0.15476190476190477,
        0.44047619047619047,
        0.5833333333333334,
        0.44047619047619047,
        0.47619047619047616,
        0.4523809523809524,
        0.4880952380952381,
        0.6071428571428571,
        0.4880952380952381,
        0.5476190476190477,
        0.6666666666666666,
        0.6785714285714286,
        0.7023809523809523,
        0.6309523809523809,
        0.7380952380952381,
        0.75,
        0.6428571428571429
    ],
    "weight_mae": [
        92.64532470703125,
        89.71747589111328,
        75.60794830322266,
        48.850311279296875,
        66.94202423095703,
        29.757646560668945,
        41.342952728271484,
        50.7491340637207,
        23.193525314331055,
        14.2063570022583,
        9.178141593933105,
        31.463640213012695,
        9.56913948059082,
        23.962976455688477,
        13.660673141479492,
        20.09378433227539,
        14.796425819396973,
        21.38245964050293,
        11.606891632080078,
        7.6365065574646,
        5.408476829528809,
        5.551555633544922,
        7.767030239105225,
        7.126688003540039,
        4.51764440536499,
        5.5861663818359375,
        4.337491512298584,
        4.584003448486328,
        4.494828701019287,
        5.1891608238220215
    ],
    "learning_rates": [
        3.462656931092528e-05,
        7.672347282864029e-05,
        0.00014115959991083517,
        0.00022008095490004878,
        0.00030386796555576564,
        0.00038230799422206023,
        0.0004458401365986112,
        0.0004867205819859005,
        0.0004999936564991027,
        0.0004969360118249324,
        0.0004883622470344168,
        0.00047446388586525637,
        0.00045555139473961947,
        0.00043204724745730217,
        0.00040447648782915714,
        0.0003734550010659683,
        0.00033967575592056155,
        0.00030389332491096295,
        0.0002669070284172395,
        0.0002295430791850461,
        0.00019263612609816212,
        0.0001570106095016446,
        0.00012346234456686562,
        9.274074409562916e-05,
        6.553207787654612e-05,
        4.244414255198318e-05,
        2.399268444542655e-05,
        1.0589878640859881e-05,
        2.5351216724873844e-06,
        8.343500897274488e-09
    ]
}