{
    "epochs": [
        1,
        2,
        3,
        4,
        5,
        6,
        7,
        8,
        9,
        10,
        11,
        12,
        13,
        14,
        15,
        16,
        17,
        18,
        19,
        20,
        21,
        22,
        23,
        24,
        25,
        26,
        27,
        28,
        29,
        30,
        31,
        32,
        33,
        34,
        35,
        36,
        37,
        38,
        39,
        40
    ],
    "train_loss": [
        4581.563238234747,
        4523.422020321801,
        4303.998968215215,
        3758.594453357515,
        2590.214175269717,
        1537.8606988816034,
        741.5215461367652,
        504.0526936848958,
        393.2376476469494,
        208.42118817283995,
        239.8899645124163,
        216.2719781058175,
        211.5430639357794,
        225.35036940801712,
        164.30121894109817,
        221.032012848627,
        164.21280552092054,
        115.24852852594285,
        125.99655142284576,
        93.65798659551712,
        51.30013338724772,
        49.8230949810573,
        41.008271989368254,
        42.42394631249564,
        35.802053428831556,
        52.16044525873093,
        25.120562962123326,
        35.13240058081491,
        23.07660893031529,
        16.603634175800142,
        18.139071169353667,
        13.568561712900797,
        24.87989580063593,
        18.34076182047526,
        11.756523541041783,
        18.47520879336766,
        16.674598205657233,
        16.174573909668695,
        10.18060887427557,
        9.670788946605864
    ],
    "val_loss": [
        10412.726643880209,
        10081.319376627604,
        8077.900065104167,
        6551.7583414713545,
        5735.1540120442705,
        2778.503377278646,
        3049.2159830729165,
        1442.7512512207031,
        1454.8371887207031,
        1789.5445251464844,
        23269.971516927082,
        428.3472264607747,
        757.2802073160807,
        1409.7891998291016,
        598.6561940511068,
        442.6243069966634,
        200.89943059285483,
        240.6080411275228,
        256.94556681315106,
        130.92365519205728,
        78.71956094106038,
        131.51108487447104,
        61.19248008728027,
        125.90534083048503,
        58.863556543986,
        122.34966659545898,
        47.80643367767334,
        69.04848448435466,
        68.56738217671712,
        73.51780827840169,
        52.20779196421305,
        40.7347027460734,
        53.66347471872965,
        38.976516246795654,
        40.20491886138916,
        34.7416098912557,
        48.416022300720215,
        50.81045055389404,
        41.400766372680664,
        30.292882283528645
    ],
    "val_accuracy": [
        0.03571428571428571,
        0.09523809523809523,
        0.08333333333333333,
        0.17857142857142858,
        0.16666666666666666,
        0.15476190476190477,
        0.17857142857142858,
        0.15476190476190477,
        0.07142857142857142,
        0.30952380952380953,
        0.16666666666666666,
        0.25,
        0.32142857142857145,
        0.13095238095238096,
        0.19047619047619047,
        0.25,
        0.25,
        0.3333333333333333,
        0.34523809523809523,
        0.30952380952380953,
        0.34523809523809523,
        0.47619047619047616,
        0.4166666666666667,
        0.47619047619047616,
        0.42857142857142855,
        0.36904761904761907,
        0.6547619047619048,
        0.4642857142857143,
        0.5,
        0.5714285714285714,
        0.4523809523809524,
        0.5714285714285714,
        0.6547619047619048,
        0.47619047619047616,
        0.5476190476190477,
        0.5833333333333334,
        0.5952380952380952,
        0.6428571428571429,
        0.6309523809523809,
        0.6309523809523809
    ],
    "weight_mae": [
        83.61192321777344,
        82.00160217285156,
        75.35774993896484,
        70.12461853027344,
        64.54113006591797,
        45.22838592529297,
        48.1468391418457,
        29.296476364135742,
        29.980838775634766,
        38.0831298828125,
        138.0071563720703,
        16.83113670349121,
        23.826934814453125,
        28.285083770751953,
        22.43937110900879,
        16.992116928100586,
        10.72501277923584,
        12.83588981628418,
        14.229101181030273,
        9.018122673034668,
        6.4617085456848145,
        9.736000061035156,
        5.875852584838867,
        8.695124626159668,
        5.415891170501709,
        8.498197555541992,
        5.440295696258545,
        6.360501766204834,
        6.2160210609436035,
        7.0535149574279785,
        5.5842437744140625,
        4.965454578399658,
        6.2196173667907715,
        4.944427490234375,
        5.331164360046387,
        4.485848426818848,
        5.930890083312988,
        6.286243438720703,
        4.831589698791504,
        4.214079856872559
    ],
    "learning_rates": [
        2.8242716942991077e-05,
        5.2404681250278664e-05,
        9.082622431709925e-05,
        0.00014086819694334655,
        0.00019909325066546187,
        0.0002615019468432631,
        0.0003238074753319607,
        0.0003817301125039229,
        0.00043129119250248275,
        0.00046908639904583117,
        0.0004925196055561458,
        0.0004999964317741434,
        0.000498274962080718,
        0.0004934313032622193,
        0.0004855263671386463,
        0.00047465956286830383,
        0.000460967546819958,
        0.0004446225040397096,
        0.00042582998292413484,
        0.00040482631032993704,
        0.00038187561962660263,
        0.0003572665290660272,
        0.00033130851224053687,
        0.0003043280062729043,
        0.00027666430668012664,
        0.00024866530053543564,
        0.0002206830915865023,
        0.0001930695723465154,
        0.00016617199884165482,
        0.0001403286236650799,
        0.00011586444225431147,
        9.308710588503875e-05,
        7.228305277782365e-05,
        5.37139059712822e-05,
        3.761318326057669e-05,
        2.4183360575651123e-05,
        1.3593325728932969e-05,
        5.976254553101091e-06,
        1.4279361377192504e-06,
        5.568225856659463e-09
    ]
}