{
    "epochs": [
        1,
        2,
        3,
        4,
        5,
        6,
        7,
        8,
        9,
        10,
        11,
        12,
        13,
        14,
        15,
        16,
        17,
        18,
        19,
        20
    ],
    "train_loss": [
        4388.976882207961,
        4240.622279575893,
        3551.622762044271,
        1898.2293061755952,
        843.2287386939639,
        541.1786284673782,
        376.5664738246373,
        314.4292862301781,
        257.4122997465588,
        203.71863728477842,
        142.23805627368745,
        143.87816229320708,
        93.77039418901715,
        74.35097104027157,
        79.98922620500836,
        46.37401094890776,
        40.23835817972819,
        62.25078544162569,
        66.50696313948859,
        35.613326890128
    ],
    "val_loss": [
        12860.534912109375,
        10957.277913411459,
        3915.0506998697915,
        1908.2804667154949,
        2584.7069498697915,
        1475.6564025878906,
        2173.050537109375,
        708.9793090820312,
        203.2347208658854,
        310.0007387797038,
        473.54627895355225,
        299.11686452229816,
        285.47806040445965,
        196.97327168782553,
        215.48912811279297,
        107.81207656860352,
        69.54972139994304,
        47.97787141799927,
        83.64440600077312,
        49.951045989990234
    ],
    "val_accuracy": [
        0.09523809523809523,
        0.11904761904761904,
        0.13095238095238096,
        0.10714285714285714,
        0.09523809523809523,
        0.09523809523809523,
        0.3333333333333333,
        0.25,
        0.19047619047619047,
        0.32142857142857145,
        0.34523809523809523,
        0.36904761904761907,
        0.42857142857142855,
        0.47619047619047616,
        0.5476190476190477,
        0.5,
        0.5238095238095238,
        0.47619047619047616,
        0.6071428571428571,
        0.5595238095238095
    ],
    "weight_mae": [
        90.4670639038086,
        83.2248764038086,
        52.6390266418457,
        32.597442626953125,
        41.16310119628906,
        30.649574279785156,
        35.3056526184082,
        20.71183967590332,
        10.662552833557129,
        12.9740629196167,
        15.354881286621094,
        13.841669082641602,
        13.71508502960205,
        11.85953140258789,
        11.80664348602295,
        8.203947067260742,
        6.5990071296691895,
        5.616272926330566,
        7.201754570007324,
        5.507634162902832
    ],
    "learning_rates": [
        5.265837987371958e-05,
        0.00014174543802841002,
        0.00026301584957200467,
        0.0003834654881075616,
        0.0004703136032105272,
        0.0004999857271984317,
        0.00049312365446468,
        0.0004740703966442749,
        0.00044378136364380785,
        0.00040377537405390936,
        0.0003560584952430813,
        0.0003030234507632328,
        0.0002473296391996426,
        0.0001917697808212138,
        0.0001391298789248049,
        9.204951799658992e-05,
        5.288950392397616e-05,
        2.3613483330542858e-05,
        5.68947813486046e-06,
        1.6272801568301627e-08
    ]
}