{
    "epochs": [
        1,
        2,
        3,
        4,
        5,
        6,
        7,
        8,
        9,
        10,
        11,
        12,
        13,
        14,
        15,
        16,
        17,
        18,
        19,
        20
    ],
    "train_loss": [
        4236.950921921503,
        4093.620163690476,
        3432.764584495908,
        1815.4018729073662,
        843.4529865809849,
        433.8449005853562,
        297.0480175926572,
        256.9965722220285,
        243.67249697730654,
        127.967223576137,
        116.56879552205403,
        104.81232515970866,
        122.84124497004917,
        74.45047619229271,
        42.78759291058495,
        81.75884233202252,
        60.019049281165714,
        36.80099471410116,
        47.80017423629761,
        42.42133174623762
    ],
    "val_loss": [
        15779.881022135416,
        13348.115234375,
        3513.084431966146,
        6322.762613932292,
        3525.3244425455728,
        1918.4735107421875,
        860.1453145345052,
        1444.7118733723958,
        124.21456972757976,
        242.9204076131185,
        284.0315628051758,
        129.85384623209634,
        311.4784978230794,
        134.33294550577799,
        60.83648649851481,
        71.59560012817383,
        84.73729515075684,
        59.89320437113444,
        53.03658548990885,
        37.594600995381676
    ],
    "val_accuracy": [
        0.08333333333333333,
        0.30952380952380953,
        0.20238095238095238,
        0.03571428571428571,
        0.07142857142857142,
        0.19047619047619047,
        0.11904761904761904,
        0.30952380952380953,
        0.23809523809523808,
        0.34523809523809523,
        0.23809523809523808,
        0.40476190476190477,
        0.4880952380952381,
        0.36904761904761907,
        0.5595238095238095,
        0.5238095238095238,
        0.6547619047619048,
        0.6666666666666666,
        0.7261904761904762,
        0.7142857142857143
    ],
    "weight_mae": [
        100.67880249023438,
        93.09283447265625,
        51.40917205810547,
        66.06658172607422,
        49.681396484375,
        37.9503173828125,
        23.524837493896484,
        32.23516845703125,
        9.24824333190918,
        12.695655822753906,
        12.676055908203125,
        9.3307466506958,
        13.725333213806152,
        9.433192253112793,
        5.882862091064453,
        6.937987327575684,
        7.013336181640625,
        6.2800612449646,
        5.785913944244385,
        4.777126312255859
    ],
    "learning_rates": [
        5.265837987371958e-05,
        0.00014174543802841002,
        0.00026301584957200467,
        0.0003834654881075616,
        0.0004703136032105272,
        0.0004999857271984317,
        0.00049312365446468,
        0.0004740703966442749,
        0.00044378136364380785,
        0.00040377537405390936,
        0.0003560584952430813,
        0.0003030234507632328,
        0.0002473296391996426,
        0.0001917697808212138,
        0.0001391298789248049,
        9.204951799658992e-05,
        5.288950392397616e-05,
        2.3613483330542858e-05,
        5.68947813486046e-06,
        1.6272801568301627e-08
    ]
}