{
	"epochs": [
		1, 2, 3, 4, 5, 6, 7, 8, 9, 10, 11, 12, 13, 14, 15, 16, 17, 18, 19, 20, 21,
		22, 23, 24, 25, 26, 27, 28, 29, 30
	],
	"train_loss": [
		4313.941150483631, 4243.494582403274, 3925.88223702567, 3083.161394391741,
		1581.2337849934895, 1011.6599876767114, 536.4701425461542,
		222.94016847156342, 277.88814036051434, 196.58440163021996,
		165.57958067031134, 166.2711661202567, 255.7014862242199,
		204.72827075776598, 214.49364907400948, 164.79176466805595,
		126.0685161408924, 81.84369872865223, 75.0748199735369, 40.36808236440023,
		42.0217555363973, 48.12205573490688, 38.73816898890904, 34.14222353980655,
		36.50457518441336, 20.14028106416975, 25.1910552524385, 30.539310432615736,
		12.714656875247048, 26.537085465022496
	],
	"val_loss": [
		15660.953450520834, 14959.439453125, 11346.673014322916, 3761.8345947265625,
		3171.695770263672, 1610.9851481119792, 1965.4900817871094, 943.690533955892,
		361.73770268758136, 804.8657786051432, 501.7794494628906,
		248.27104949951172, 1719.6551005045574, 1020.8733927408854,
		315.3538182576497, 346.9954833984375, 579.6912384033203, 342.69061787923175,
		914.9939371744791, 70.810972849528, 75.9593776067098, 430.92991129557294,
		80.35030555725098, 90.5827153523763, 78.61934979756673, 93.17324956258138,
		68.8553368250529, 56.185163497924805, 69.80328019460042, 71.54520606994629
	],
	"val_accuracy": [
		0.19047619047619047, 0.20238095238095238, 0.14285714285714285,
		0.21428571428571427, 0.16666666666666666, 0.2261904761904762,
		0.13095238095238096, 0.23809523809523808, 0.23809523809523808,
		0.27380952380952384, 0.35714285714285715, 0.21428571428571427,
		0.38095238095238093, 0.16666666666666666, 0.3333333333333333,
		0.2976190476190476, 0.4523809523809524, 0.39285714285714285,
		0.40476190476190477, 0.47619047619047616, 0.6666666666666666,
		0.4166666666666667, 0.6071428571428571, 0.7023809523809523,
		0.7142857142857143, 0.6904761904761905, 0.6785714285714286,
		0.7619047619047619, 0.7261904761904762, 0.75
	],
	"weight_mae": [
		94.74000549316406, 91.84507751464844, 80.87747192382812, 52.15353012084961,
		39.86387634277344, 33.348426818847656, 35.30934524536133, 20.41887092590332,
		15.171645164489746, 19.400297164916992, 17.02591896057129,
		13.214533805847168, 31.182167053222656, 25.06772232055664,
		13.685436248779297, 14.744956016540527, 19.070545196533203,
		15.381248474121094, 20.301939010620117, 5.831125736236572,
		6.518100738525391, 13.211748123168945, 5.933028221130371, 6.507848739624023,
		6.32016134262085, 6.31990909576416, 5.761388301849365, 5.176621437072754,
		5.040984153747559, 5.522513389587402
	],
	"learning_rates": [
		3.462656931092528e-5, 7.672347282864029e-5, 0.00014115959991083517,
		0.00022008095490004878, 0.00030386796555576564, 0.00038230799422206023,
		0.0004458401365986112, 0.0004867205819859005, 0.0004999936564991027,
		0.0004969360118249324, 0.0004883622470344168, 0.00047446388586525637,
		0.00045555139473961947, 0.00043204724745730217, 0.00040447648782915714,
		0.0003734550010659683, 0.00033967575592056155, 0.00030389332491096295,
		0.0002669070284172395, 0.0002295430791850461, 0.00019263612609816212,
		0.0001570106095016446, 0.00012346234456686562, 9.274074409562916e-5,
		6.553207787654612e-5, 4.244414255198318e-5, 2.399268444542655e-5,
		1.0589878640859881e-5, 2.5351216724873844e-6, 8.343500897274488e-9
	]
}
