{
    "epochs": [
        1,
        2,
        3,
        4,
        5,
        6,
        7,
        8,
        9,
        10,
        11,
        12,
        13,
        14,
        15,
        16,
        17,
        18,
        19,
        20,
        21,
        22,
        23,
        24,
        25
    ],
    "train_loss": [
        4395.887904575893,
        4290.583984375,
        3814.121895926339,
        2531.6876191638767,
        1292.0594707670666,
        410.17533293224517,
        519.2065226236979,
        350.52035122825987,
        177.1943835303897,
        145.84857450212752,
        234.3731772104899,
        91.40294819786435,
        86.4703639348348,
        129.2757214137486,
        134.59039342971076,
        94.67117809114002,
        82.0668291818528,
        71.10977145603725,
        30.72329602922712,
        31.15971379053025,
        17.117486386072066,
        23.176497050694056,
        21.495654617037093,
        22.60851580756051,
        29.21246864682152
    ],
    "val_loss": [
        12780.105305989584,
        11541.229166666666,
        6647.650309244792,
        8790.526448567709,
        5658.410563151042,
        4701.37548828125,
        714.8118286132812,
        2250.696533203125,
        287.1397883097331,
        367.568058013916,
        257.3398793538411,
        215.73667907714844,
        206.76553344726562,
        132.70175806681314,
        518.8068440755209,
        129.0455118815104,
        180.4779841105143,
        182.83759307861328,
        72.91086260477702,
        56.97868124643961,
        50.15219942728678,
        34.531327883402504,
        34.17668008804321,
        54.4796994527181,
        68.04322655995686
    ],
    "val_accuracy": [
        0.13095238095238096,
        0.21428571428571427,
        0.10714285714285714,
        0.14285714285714285,
        0.15476190476190477,
        0.15476190476190477,
        0.047619047619047616,
        0.25,
        0.21428571428571427,
        0.15476190476190477,
        0.16666666666666666,
        0.39285714285714285,
        0.2857142857142857,
        0.4166666666666667,
        0.5119047619047619,
        0.3333333333333333,
        0.5238095238095238,
        0.4642857142857143,
        0.6428571428571429,
        0.6071428571428571,
        0.5476190476190477,
        0.5119047619047619,
        0.5952380952380952,
        0.6190476190476191,
        0.6666666666666666
    ],
    "weight_mae": [
        88.83550262451172,
        84.46822357177734,
        67.79795837402344,
        71.25172424316406,
        63.05233383178711,
        55.8203239440918,
        21.474971771240234,
        40.48308563232422,
        12.674630165100098,
        13.916054725646973,
        12.504857063293457,
        12.005621910095215,
        11.2230863571167,
        8.921991348266602,
        17.416122436523438,
        9.641148567199707,
        12.028884887695312,
        11.308080673217773,
        6.157190799713135,
        5.726371765136719,
        4.972811222076416,
        4.3372673988342285,
        4.36694860458374,
        5.532680034637451,
        5.33862829208374
    ],
    "learning_rates": [
        4.101115077050191e-05,
        0.00010036569927616794,
        0.00018767108412060142,
        0.00028764075027010974,
        0.0003827707166584926,
        0.0004564043993975907,
        0.0004956490617389167,
        0.0004987929112123061,
        0.0004904133975568223,
        0.0004743068316318824,
        0.000450990891718841,
        0.00042121497131092215,
        0.0003859360929897455,
        0.0003462881489321113,
        0.00030354545668246914,
        0.00025908180153852656,
        0.00021432628196142744,
        0.0001707173771753438,
        0.0001296567132616268,
        9.246401374328995e-05,
        6.033468258510789e-05,
        3.430138292660623e-05,
        1.5200846439079546e-05,
        3.646980081210721e-06,
        1.113462429454437e-08
    ]
}